,model,precision,recall,accuracy,f1
0,MLPClassifier(),0.7200482841371597,0.7082247051520795,0.7082247051520795,0.7091610954775401
1,LogisticRegression()with TrSVD,0.6522954770739339,0.6459279950341402,0.6459279950341402,0.6442879045769743
2,LogisticRegression(),0.6639690986160575,0.6380012414649286,0.6380012414649286,0.6364950400814611
3,LinearSVC(),0.640293027237687,0.6247423960273122,0.6247423960273122,0.6263917151446773
4,SGDClassifier(),0.6646923701183332,0.6211980136561142,0.6211980136561142,0.6117542243570687
5,LinearSVC()with TrSVD,0.6367377532607531,0.6113097454996896,0.6113097454996896,0.6114757268700707
6,MLPClassifier()with TrSVD,0.6199955769387461,0.610316573556797,0.610316573556797,0.6093650799780556
7,SGDClassifier()with TrSVD,0.5850624723382788,0.5434140285536934,0.5434140285536934,0.5237047060677239
