,model,precision,recall,accuracy,f1
0,MLPClassifier(),0.7025677966499286,0.6926567349472377,0.6926567349472377,0.6926567230972422
1,SGDClassifier(),0.6525939737500157,0.6392675356921168,0.6392675356921168,0.6397497555851763
2,LogisticRegression(),0.641299081404666,0.6324270639354438,0.6324270639354438,0.629129311742281
3,MLPClassifier() with TrSVD,0.6746268904471403,0.6424518932340162,0.6424518932340162,0.6259107191077407
4,LinearSVC() with TrSVD,0.6201028270003237,0.5902420856610802,0.5902420856610802,0.5905883948323917
5,SGDClassifier() with TrSVD,0.6270217591969087,0.5923711980136561,0.5923711980136561,0.5877663522282438
6,LogisticRegression() with TrSVD,0.6208558302495855,0.5846989447548105,0.5846989447548105,0.5800809533750171
7,LinearSVC(),0.5527521634913118,0.5311173184357542,0.5311173184357542,0.5247778940126966
